{
	"info": {
		"_postman_id": "36839e7b-7e0d-4ee8-a574-6c38cac64619",
		"name": "Jira",
		"schema": "https://schema.getpostman.com/json/collection/v2.1.0/collection.json",
		"_exporter_id": "17709036"
	},
	"item": [
		{
			"name": "CreateIssue",
			"request": {
				"method": "POST",
				"header": [],
				"body": {
					"mode": "raw",
					"raw": "{\r\n    \"fields\": {\r\n        \"project\": {\r\n            \"key\": \"TES\"\r\n        },\r\n        \"summary\": \"create issue in RA project\",\r\n        \"description\": \"Creating of an issue using project keys and issue type names using the REST API\",\r\n        \"issuetype\": {\r\n            \"name\": \"Bug\"\r\n        }\r\n    }\r\n}",
					"options": {
						"raw": {
							"language": "json"
						}
					}
				},
				"url": {
					"raw": "https://testjirafeb2023.atlassian.net/rest/api/2/issue/",
					"protocol": "https",
					"host": [
						"testjirafeb2023",
						"atlassian",
						"net"
					],
					"path": [
						"rest",
						"api",
						"2",
						"issue",
						""
					]
				}
			},
			"response": []
		}
	],
	"auth": {
		"type": "basic",
		"basic": [
			{
				"key": "password",
				"value": "ATATT3xFfGF0HqLS2OkkQJ5k68KolhpN968I7LfMbbsPezisiOslvSjjhjh-J76OHQCa36-ghdgMPxzI3IjGSXe6zU9UiiMzdC1GsDTzNiTx-FFxsjeEWBygX96bUUSV4jVA81V6CzU14KqQSr-SGSQmU0UhI5I-L5cwGezZQaNFnzXbpphX_cQ=DFD8DB94",
				"type": "string"
			},
			{
				"key": "username",
				"value": "feb2023restapi@gmail.com",
				"type": "string"
			}
		]
	},
	"event": [
		{
			"listen": "prerequest",
			"script": {
				"type": "text/javascript",
				"exec": [
					""
				]
			}
		},
		{
			"listen": "test",
			"script": {
				"type": "text/javascript",
				"exec": [
					""
				]
			}
		}
	]
}