{
	"info": {
		"_postman_id": "ddd6fe92-089c-4f3e-be0c-494ea9a469ce",
		"name": "Week1",
		"schema": "https://schema.getpostman.com/json/collection/v2.1.0/collection.json",
		"_exporter_id": "17709036"
	},
	"item": [
		{
			"name": "CreateIncident",
			"event": [
				{
					"listen": "test",
					"script": {
						"exec": [
							"pm.test(\"Status code is 200\", function () {\r",
							"    pm.response.to.have.status(201);\r",
							"});\r",
							"//save the response in the variable\r",
							"var resp=pm.response.json();\r",
							"//print the response\r",
							"//console.log(resp)\r",
							"// Path of sys_id is x.result.sys_id  , where x is the response\r",
							"var sys_id=resp.result.sys_id;\r",
							"console.log(sys_id);"
						],
						"type": "text/javascript"
					}
				}
			],
			"request": {
				"method": "POST",
				"header": [],
				"body": {
					"mode": "raw",
					"raw": "{\r\n    \"short_description\": \"Created via postman\"\r\n}",
					"options": {
						"raw": {
							"language": "json"
						}
					}
				},
				"url": {
					"raw": "https://dev90367.service-now.com/api/now/table/incident",
					"protocol": "https",
					"host": [
						"dev90367",
						"service-now",
						"com"
					],
					"path": [
						"api",
						"now",
						"table",
						"incident"
					]
				}
			},
			"response": []
		},
		{
			"name": "UpdateIncident",
			"event": [
				{
					"listen": "test",
					"script": {
						"exec": [
							"pm.test(\"Status code is 200\", function () {\r",
							"    pm.response.to.have.status(200);\r",
							"});\r",
							"//save the response in the variable\r",
							"var resp=pm.response.json();\r",
							"//print the response\r",
							"//console.log(resp)\r",
							"// Path of sys_id is x.result.sys_id  , where x is the response\r",
							"var sys_id=resp.result.sys_id;\r",
							"console.log(sys_id);"
						],
						"type": "text/javascript"
					}
				}
			],
			"request": {
				"method": "PUT",
				"header": [],
				"body": {
					"mode": "raw",
					"raw": "{\r\n    \"short_description\": \"Updated via Postman for second time\",\r\n    \"description\": \"Description Updated via Postman for second time\"\r\n}",
					"options": {
						"raw": {
							"language": "json"
						}
					}
				},
				"url": {
					"raw": "https://dev90367.service-now.com/api/now/table/incident/fcc82fd92fb7611081e256f62799b615",
					"protocol": "https",
					"host": [
						"dev90367",
						"service-now",
						"com"
					],
					"path": [
						"api",
						"now",
						"table",
						"incident",
						"fcc82fd92fb7611081e256f62799b615"
					]
				}
			},
			"response": []
		},
		{
			"name": "CreateIncident Copy",
			"event": [
				{
					"listen": "test",
					"script": {
						"exec": [
							"pm.test(\"Status code is 200\", function () {\r",
							"    pm.response.to.have.status(201);\r",
							"});\r",
							"//save the response in the variable\r",
							"var resp=pm.response.json();\r",
							"//print the response\r",
							"//console.log(resp)\r",
							"// Path of sys_id is x.result.sys_id  , where x is the response\r",
							"var sys_id=resp.result.sys_id;\r",
							"console.log(sys_id);"
						],
						"type": "text/javascript"
					}
				}
			],
			"request": {
				"method": "POST",
				"header": [],
				"body": {
					"mode": "raw",
					"raw": "{\r\n    \"short_description\": \"Created via postman\"\r\n}",
					"options": {
						"raw": {
							"language": "json"
						}
					}
				},
				"url": {
					"raw": "https://dev90367.service-now.com/api/now/table/change_request",
					"protocol": "https",
					"host": [
						"dev90367",
						"service-now",
						"com"
					],
					"path": [
						"api",
						"now",
						"table",
						"change_request"
					]
				}
			},
			"response": []
		},
		{
			"name": "CreateIncident-AssertResponseBody",
			"event": [
				{
					"listen": "test",
					"script": {
						"exec": [
							"pm.test(\"Status code is 200\", function () {\r",
							"    pm.response.to.have.status(201);\r",
							"});\r",
							"\r",
							"pm.test(\"Body matches string\", function () {\r",
							"    pm.expect(pm.response.text()).to.include(\"Created via postman\");\r",
							"});\r",
							"\r",
							"\r",
							"pm.test(\"Body matches INC\", function () {\r",
							"    pm.expect(pm.response.text()).to.include(\"INC\");\r",
							"});"
						],
						"type": "text/javascript"
					}
				}
			],
			"request": {
				"method": "POST",
				"header": [],
				"body": {
					"mode": "raw",
					"raw": "{\r\n    \"short_description\": \"Created via postman\"\r\n}",
					"options": {
						"raw": {
							"language": "json"
						}
					}
				},
				"url": {
					"raw": "https://dev90367.service-now.com/api/now/table/incident",
					"protocol": "https",
					"host": [
						"dev90367",
						"service-now",
						"com"
					],
					"path": [
						"api",
						"now",
						"table",
						"incident"
					]
				}
			},
			"response": []
		},
		{
			"name": "GetAllIncidents",
			"event": [
				{
					"listen": "test",
					"script": {
						"exec": [
							"pm.test(\"Status code is 200\", function () {\r",
							"    pm.response.to.have.status(200);\r",
							"});"
						],
						"type": "text/javascript"
					}
				}
			],
			"request": {
				"method": "GET",
				"header": [],
				"url": {
					"raw": "https://dev90367.service-now.com/api/now/table/incident?sysparm_fields=sys_id,urgency",
					"protocol": "https",
					"host": [
						"dev90367",
						"service-now",
						"com"
					],
					"path": [
						"api",
						"now",
						"table",
						"incident"
					],
					"query": [
						{
							"key": "sysparm_fields",
							"value": "sys_id,urgency"
						}
					]
				}
			},
			"response": []
		},
		{
			"name": "Delete Incident",
			"event": [
				{
					"listen": "test",
					"script": {
						"exec": [
							"pm.test(\"Status code is 204\", function () {\r",
							"    pm.response.to.have.status(204);\r",
							"});"
						],
						"type": "text/javascript"
					}
				}
			],
			"request": {
				"method": "DELETE",
				"header": [],
				"url": {
					"raw": "https://dev90367.service-now.com/api/now/table/incident/fcc82fd92fb7611081e256f62799b615",
					"protocol": "https",
					"host": [
						"dev90367",
						"service-now",
						"com"
					],
					"path": [
						"api",
						"now",
						"table",
						"incident",
						"fcc82fd92fb7611081e256f62799b615"
					]
				}
			},
			"response": []
		}
	],
	"auth": {
		"type": "basic",
		"basic": [
			{
				"key": "password",
				"value": "d-J+lC2Hk7Aj",
				"type": "string"
			},
			{
				"key": "username",
				"value": "admin",
				"type": "string"
			}
		]
	},
	"event": [
		{
			"listen": "prerequest",
			"script": {
				"type": "text/javascript",
				"exec": [
					""
				]
			}
		},
		{
			"listen": "test",
			"script": {
				"type": "text/javascript",
				"exec": [
					"pm.test(\"SLA Time should be less than 5000\", function () {",
					"    pm.expect(pm.response.responseTime).to.be.below(5000);",
					"});"
				]
			}
		}
	]
}