{
	"info": {
		"_postman_id": "0b511025-78d2-4585-8d5d-7c34cb4f943d",
		"name": "UiBank",
		"schema": "https://schema.getpostman.com/json/collection/v2.1.0/collection.json",
		"_exporter_id": "17709036"
	},
	"item": [
		{
			"name": "https://uibank-api.azurewebsites.net/api/users/login",
			"event": [
				{
					"listen": "test",
					"script": {
						"exec": [
							"var resp=pm.response.json();\r",
							"var id=resp.id;\r",
							"console.log(id);\r",
							"pm.globals.set(\"Token\",id);"
						],
						"type": "text/javascript"
					}
				}
			],
			"request": {
				"method": "POST",
				"header": [
					{
						"key": "authority",
						"value": "uibank-api.azurewebsites.net"
					},
					{
						"key": "accept",
						"value": "application/json, text/plain, */*"
					},
					{
						"key": "accept-language",
						"value": "en-GB,en-US;q=0.9,en;q=0.8,bn;q=0.7,ja;q=0.6"
					},
					{
						"key": "content-type",
						"value": "application/json"
					},
					{
						"key": "origin",
						"value": "https://uibank.uipath.com"
					},
					{
						"key": "referer",
						"value": "https://uibank.uipath.com/"
					},
					{
						"key": "sec-ch-ua",
						"value": "\"Not/A)Brand\";v=\"99\", \"Google Chrome\";v=\"115\", \"Chromium\";v=\"115\""
					},
					{
						"key": "sec-ch-ua-mobile",
						"value": "?0"
					},
					{
						"key": "sec-ch-ua-platform",
						"value": "\"Windows\""
					},
					{
						"key": "sec-fetch-dest",
						"value": "empty"
					},
					{
						"key": "sec-fetch-mode",
						"value": "cors"
					},
					{
						"key": "sec-fetch-site",
						"value": "cross-site"
					},
					{
						"key": "user-agent",
						"value": "Mozilla/5.0 (Windows NT 10.0; Win64; x64) AppleWebKit/537.36 (KHTML, like Gecko) Chrome/115.0.0.0 Safari/537.36"
					}
				],
				"body": {
					"mode": "raw",
					"raw": "{\r\n    \"username\": \"FebApiuser\",\r\n    \"password\": \"Eagle@123\"\r\n}"
				},
				"url": {
					"raw": "https://uibank-api.azurewebsites.net/api/users/login",
					"protocol": "https",
					"host": [
						"uibank-api",
						"azurewebsites",
						"net"
					],
					"path": [
						"api",
						"users",
						"login"
					]
				}
			},
			"response": []
		},
		{
			"name": "https://uibank-api.azurewebsites.net/api/accounts",
			"request": {
				"method": "POST",
				"header": [
					{
						"key": "authority",
						"value": "uibank-api.azurewebsites.net"
					},
					{
						"key": "accept",
						"value": "application/json, text/plain, */*"
					},
					{
						"key": "accept-language",
						"value": "en-GB,en-US;q=0.9,en;q=0.8,bn;q=0.7,ja;q=0.6"
					},
					{
						"key": "authorization",
						"value": "{{Token}}"
					},
					{
						"key": "content-type",
						"value": "application/json"
					},
					{
						"key": "origin",
						"value": "https://uibank.uipath.com"
					},
					{
						"key": "referer",
						"value": "https://uibank.uipath.com/"
					},
					{
						"key": "sec-ch-ua",
						"value": "\"Not/A)Brand\";v=\"99\", \"Google Chrome\";v=\"115\", \"Chromium\";v=\"115\""
					},
					{
						"key": "sec-ch-ua-mobile",
						"value": "?0"
					},
					{
						"key": "sec-ch-ua-platform",
						"value": "\"Windows\""
					},
					{
						"key": "sec-fetch-dest",
						"value": "empty"
					},
					{
						"key": "sec-fetch-mode",
						"value": "cors"
					},
					{
						"key": "sec-fetch-site",
						"value": "cross-site"
					},
					{
						"key": "user-agent",
						"value": "Mozilla/5.0 (Windows NT 10.0; Win64; x64) AppleWebKit/537.36 (KHTML, like Gecko) Chrome/115.0.0.0 Safari/537.36"
					}
				],
				"body": {
					"mode": "raw",
					"raw": "{\r\n    \"friendlyName\": \"{{$randomFirstName}}\",\r\n    \"type\": \"savings\",\r\n    \"userId\": \"64290731ba9f8a0047adacfc\",\r\n    \"balance\": 100,\r\n    \"accountNumber\": 74322774\r\n}"
				},
				"url": {
					"raw": "https://uibank-api.azurewebsites.net/api/accounts",
					"protocol": "https",
					"host": [
						"uibank-api",
						"azurewebsites",
						"net"
					],
					"path": [
						"api",
						"accounts"
					]
				}
			},
			"response": []
		}
	]
}