{
	"info": {
		"_postman_id": "b6526acf-7d67-42ac-8529-7e51c524601f",
		"name": "Week2_chaining",
		"schema": "https://schema.getpostman.com/json/collection/v2.1.0/collection.json",
		"_exporter_id": "17709036"
	},
	"item": [
		{
			"name": "CreateIncident",
			"event": [
				{
					"listen": "test",
					"script": {
						"exec": [
							"pm.test(\"Status code is 200\", function () {\r",
							"    pm.response.to.have.status(201);\r",
							"});\r",
							"//save the response in the variable\r",
							"var resp=pm.response.json();\r",
							"//print the response\r",
							"//console.log(resp)\r",
							"// Path of sys_id is x.result.sys_id  , where x is the response\r",
							"var sys_id=resp.result.sys_id;\r",
							"console.log(sys_id);\r",
							"//System_ID --Global variable --variable key\r",
							"//sys_id ---Variable value holds extracted value of sys_id\r",
							"//pm.globals.set(\"variable_key\", \"variable_value\");\r",
							"pm.globals.set(\"System_ID\",sys_id);"
						],
						"type": "text/javascript"
					}
				}
			],
			"request": {
				"method": "POST",
				"header": [],
				"body": {
					"mode": "raw",
					"raw": "{\r\n    \"short_description\": \"{{$randomEmail}}\"\r\n}",
					"options": {
						"raw": {
							"language": "json"
						}
					}
				},
				"url": {
					"raw": "{{URL}}/api/now/table/incident",
					"host": [
						"{{URL}}"
					],
					"path": [
						"api",
						"now",
						"table",
						"incident"
					]
				}
			},
			"response": []
		},
		{
			"name": "UpdateIncident",
			"event": [
				{
					"listen": "test",
					"script": {
						"exec": [
							"pm.test(\"Status code is 200\", function () {\r",
							"    pm.response.to.have.status(200);\r",
							"});\r",
							"//save the response in the variable\r",
							"var resp=pm.response.json();\r",
							"//print the response\r",
							"//console.log(resp)\r",
							"// Path of sys_id is x.result.sys_id  , where x is the response\r",
							"var sys_id=resp.result.sys_id;\r",
							"console.log(sys_id);"
						],
						"type": "text/javascript"
					}
				}
			],
			"request": {
				"method": "PUT",
				"header": [],
				"body": {
					"mode": "raw",
					"raw": "{\r\n    \"short_description\": \"Updated via Postman for second time\",\r\n    \"description\": \"Description Updated via Postman for second time\"\r\n}",
					"options": {
						"raw": {
							"language": "json"
						}
					}
				},
				"url": {
					"raw": "{{URL}}/api/now/table/{{inc}}/{{System_ID}}",
					"host": [
						"{{URL}}"
					],
					"path": [
						"api",
						"now",
						"table",
						"{{inc}}",
						"{{System_ID}}"
					]
				}
			},
			"response": []
		},
		{
			"name": "Delete Incident",
			"event": [
				{
					"listen": "test",
					"script": {
						"exec": [
							"pm.test(\"Status code is 204\", function () {\r",
							"    pm.response.to.have.status(204);\r",
							"});"
						],
						"type": "text/javascript"
					}
				}
			],
			"request": {
				"method": "DELETE",
				"header": [],
				"url": {
					"raw": "{{URL}}/api/now/table/{{inc}}/{{System_ID}}",
					"host": [
						"{{URL}}"
					],
					"path": [
						"api",
						"now",
						"table",
						"{{inc}}",
						"{{System_ID}}"
					]
				}
			},
			"response": []
		}
	],
	"auth": {
		"type": "basic",
		"basic": [
			{
				"key": "password",
				"value": "d-J+lC2Hk7Aj",
				"type": "string"
			},
			{
				"key": "username",
				"value": "admin",
				"type": "string"
			}
		]
	},
	"event": [
		{
			"listen": "prerequest",
			"script": {
				"type": "text/javascript",
				"exec": [
					""
				]
			}
		},
		{
			"listen": "test",
			"script": {
				"type": "text/javascript",
				"exec": [
					"pm.test(\"SLA Time should be less than 5000\", function () {",
					"    pm.expect(pm.response.responseTime).to.be.below(5000);",
					"});"
				]
			}
		}
	],
	"variable": [
		{
			"key": "inc",
			"value": "",
			"type": "string"
		}
	]
}